index,country,year,gdp_for_year,gdp_per_capita,agg_population
132,Albania,2000,"3,632,043,908",1299,2796300
144,Albania,2001,"4,060,758,804",1451,2799349
156,Albania,2002,"4,435,078,648",1573,2818839
168,Albania,2003,"5,746,945,913",2021,2843929
180,Albania,2004,"7,314,865,176",2544,2874991
192,Albania,2005,"8,158,548,717",2931,2783320
204,Albania,2006,"8,992,642,349",3235,2780176
216,Albania,2007,"10,701,011,897",3863,2770344
228,Albania,2008,"12,881,352,688",4672,2757059
240,Albania,2009,"12,044,212,904",4387,2745735
252,Albania,2010,"11,926,953,259",4359,2736025
420,Antigua and Barbuda,2000,"830,158,778",11021,75326
432,Antigua and Barbuda,2001,"800,740,259",10468,76497
444,Antigua and Barbuda,2002,"814,615,333",10499,77588
456,Antigua and Barbuda,2003,"855,643,111",10878,78658
468,Antigua and Barbuda,2004,"919,577,148",11535,79722
480,Antigua and Barbuda,2005,"1,022,191,296",12649,80809
492,Antigua and Barbuda,2006,"1,157,005,444",14114,81973
504,Antigua and Barbuda,2007,"1,311,401,333",15775,83131
516,Antigua and Barbuda,2008,"1,368,431,037",16238,84273
528,Antigua and Barbuda,2009,"1,224,253,000",14335,85405
540,Antigua and Barbuda,2012,"1,211,411,704",13657,88703
552,Antigua and Barbuda,2013,"1,192,925,407",13287,89779
564,Antigua and Barbuda,2014,"1,280,133,333",14093,90837
576,Antigua and Barbuda,2015,"1,364,863,037",14853,91889
768,Argentina,2000,"284,203,750,000",8462,33585533
780,Argentina,2001,"268,696,750,000",7900,34010946
792,Argentina,2002,"97,724,004,252",2840,34407507
804,Argentina,2003,"127,586,973,492",3668,34785907
816,Argentina,2004,"164,657,930,453",4683,35162945
828,Argentina,2005,"198,737,095,012",5590,35550617
840,Argentina,2006,"232,557,260,817",6475,35918886
852,Argentina,2007,"287,530,508,431",7918,36315492
864,Argentina,2008,"361,558,037,110",9843,36733520
876,Argentina,2009,"332,976,484,578",8961,37158001
888,Argentina,2010,"423,627,422,092",11273,37578454
900,Argentina,2011,"530,163,281,575",13946,38015739
912,Argentina,2012,"545,982,375,701",14203,38441778
924,Argentina,2013,"552,025,140,252",14206,38859125
936,Argentina,2014,"526,319,673,732",13400,39276555
948,Argentina,2015,"594,749,285,413",14981,39699624
1080,Armenia,2000,"1,911,563,665",530,3606500
1092,Armenia,2001,"2,118,467,913",587,3610516
1104,Armenia,2002,"2,376,335,048",788,3014844
1116,Armenia,2003,"2,807,061,009",928,3024366
1128,Armenia,2006,"6,384,451,606",2310,2764396
1140,Armenia,2007,"9,206,301,700",3366,2735313
1152,Armenia,2008,"11,662,040,714",3829,3045391
1164,Armenia,2009,"8,647,936,748",3215,2689695
1176,Armenia,2010,"9,260,284,938",3460,2676225
1188,Armenia,2011,"10,142,111,334",3798,2670366
1200,Armenia,2012,"10,619,320,049",3773,2814300
1212,Armenia,2013,"11,121,465,767",3957,2810664
1224,Armenia,2014,"11,609,512,940",4142,2803029
1236,Armenia,2015,"10,553,337,673",3775,2795335
1282,Aruba,2000,"1,873,452,514",22333,83888
1294,Aruba,2001,"1,920,262,570",22317,86045
1306,Aruba,2002,"1,941,094,972",21987,88284
1318,Aruba,2003,"2,021,301,676",22345,90457
1330,Aruba,2004,"2,228,279,330",24133,92335
1342,Aruba,2005,"2,331,005,587",24870,93728
1354,Aruba,2006,"2,421,474,860",25622,94508
1366,Aruba,2007,"2,623,726,257",27672,94814
1378,Aruba,2008,"2,791,960,894",29447,94814
1390,Aruba,2009,"2,498,932,961",26361,94795
1402,Aruba,2010,"2,467,703,911",25974,95006
1414,Aruba,2011,"2,584,463,687",27066,95488
1606,Australia,2000,"415,034,227,218",23219,17874410
1618,Australia,2001,"378,215,090,694",20860,18130883
1630,Australia,2002,"394,486,709,920",21474,18370058
1642,Australia,2003,"466,294,700,058",25059,18608029
1654,Australia,2004,"611,904,253,806",32454,18854551
1666,Australia,2006,"745,521,862,833",39014,19109246
1678,Australia,2007,"851,962,785,585",43171,19734430
1690,Australia,2008,"1,052,584,601,611",52315,20120312
1702,Australia,2009,"926,448,240,318",45128,20529317
1714,Australia,2010,"1,144,260,547,873",54887,20847547
1726,Australia,2011,"1,394,280,784,778",66770,20881910
1738,Australia,2012,"1,543,411,012,580",72669,21238909
1750,Australia,2013,"1,573,696,522,007",72856,21600180
1762,Australia,2014,"1,464,955,475,994",66809,21927587
1774,Australia,2015,"1,349,034,029,453",60656,22240785
1966,Austria,2000,"196,799,778,883",25922,7592073
1978,Austria,2001,"197,337,879,195",25848,7634560
1990,Austria,2002,"213,377,771,504",27772,7683162
2002,Austria,2003,"261,695,778,781",33889,7722033
2014,Austria,2004,"300,904,221,505",38711,7773105
2026,Austria,2005,"315,974,418,605",40367,7827461
2038,Austria,2006,"335,998,557,270",42698,7869269
2050,Austria,2007,"388,691,445,387",49218,7897272
2062,Austria,2008,"430,294,287,388",54294,7925258
2074,Austria,2009,"400,172,297,861",50356,7946894
2086,Austria,2010,"391,892,746,545",49181,7968421
2098,Austria,2011,"431,120,310,089",53923,7995146
2110,Austria,2012,"409,425,234,155",50979,8031276
2122,Austria,2013,"430,068,712,972",53229,8079615
2134,Austria,2014,"441,885,415,806",54278,8141165
2146,Austria,2015,"382,065,930,308",46484,8219386
2288,Azerbaijan,2000,"5,272,617,196",711,7415250
2300,Azerbaijan,2001,"5,707,720,391",759,7518000
2312,Azerbaijan,2002,"6,235,795,104",820,7605700
2324,Azerbaijan,2003,"7,276,013,032",948,7674400
2336,Azerbaijan,2004,"8,680,472,169",1122,7738250
2348,Azerbaijan,2007,"33,050,343,783",4172,7921100
2468,Bahamas,2000,"8,076,470,000",29942,269738
2480,Bahamas,2001,"8,317,830,000",30122,276140
2492,Bahamas,2002,"8,881,160,000",31432,282555
2504,Bahamas,2003,"8,870,090,000",30704,288888
2516,Bahamas,2004,"9,055,290,000",30671,295237
2528,Bahamas,2005,"9,836,200,000",32596,301763
2540,Bahamas,2006,"10,167,250,000",32957,308499
2552,Bahamas,2007,"10,618,340,000",33710,314989
2564,Bahamas,2008,"10,526,000,000",32746,321447
2576,Bahamas,2009,"9,981,960,000",30450,327813
2588,Bahamas,2010,"10,095,760,000",30239,333869
2600,Bahamas,2011,"10,070,450,000",29761,338383
2612,Bahamas,2012,"10,720,500,000",31204,343558
2624,Bahamas,2013,"10,627,600,000",30455,348959
2708,Bahrain,2000,"9,062,906,915",15345,590594
2720,Bahrain,2001,"8,976,207,713",14383,624083
2732,Bahrain,2002,"9,632,155,053",14572,661010
2744,Bahrain,2003,"11,074,822,074",15756,702913
2756,Bahrain,2004,"13,150,166,755",17497,751559
2768,Bahrain,2005,"15,968,726,862",19485,819540
2780,Bahrain,2006,"18,505,053,191",20826,888543
2792,Bahrain,2007,"21,730,000,000",22524,964770
2804,Bahrain,2008,"25,710,877,660",25106,1024110
2816,Bahrain,2009,"22,938,218,085",20988,1092922
2828,Bahrain,2010,"25,713,271,277",22572,1139160
2840,Bahrain,2011,"28,776,595,745",26078,1103462
2852,Bahrain,2012,"30,749,308,511",25587,1201778
2864,Bahrain,2013,"32,539,547,872",26793,1214492
2876,Bahrain,2014,"33,387,712,766",27503,1213966
3020,Barbados,2000,"3,121,500,000",12430,251133
3032,Barbados,2001,"3,116,650,000",12348,252406
3044,Barbados,2002,"3,169,600,000",12511,253353
3056,Barbados,2003,"3,274,850,000",12887,254122
3068,Barbados,2004,"3,514,350,000",13786,254925
3080,Barbados,2005,"3,897,300,000",15230,255889
3092,Barbados,2006,"4,246,600,000",16531,256883
3104,Barbados,2007,"4,523,750,000",17528,258083
3116,Barbados,2008,"4,607,300,000",17760,259414
3128,Barbados,2009,"4,434,050,000",17007,260718
3140,Barbados,2010,"4,461,650,000",17034,261927
3152,Barbados,2011,"4,660,900,000",17708,263203
3164,Barbados,2012,"4,656,350,000",17620,264270
3176,Barbados,2013,"4,612,500,000",17395,265165
3308,Belarus,2000,"12,736,856,828",1335,9543479
3320,Belarus,2001,"12,354,820,144",1299,9513587
3332,Belarus,2002,"14,594,249,023",1541,9469234
3344,Belarus,2003,"17,827,791,321",1892,9420691
3356,Belarus,2007,"45,277,399,814",4898,9244456
3368,Belarus,2008,"60,763,483,146",6601,9205746
3380,Belarus,2009,"49,209,523,810",5366,9169969
3392,Belarus,2010,"57,222,490,769",6371,8981193
3404,Belarus,2011,"61,757,788,945",6902,8947320
3416,Belarus,2013,"75,527,984,234",8477,8910240
3428,Belarus,2014,"78,813,839,984",8849,8906977
3620,Belgium,2000,"237,904,919,845",24592,9674025
3632,Belgium,2001,"237,841,968,680",24494,9710055
3644,Belgium,2002,"258,860,436,665",26526,9758570
3656,Belgium,2003,"319,002,821,670",32538,9804122
3668,Belgium,2004,"370,885,026,074",37661,9848022
3680,Belgium,2005,"387,365,750,529",39124,9901014
3692,Belgium,2006,"409,813,197,842",41135,9962702
3704,Belgium,2007,"471,821,105,940",47040,10030266
3716,Belgium,2008,"518,625,897,173",51345,10100850
3728,Belgium,2009,"484,552,792,442",47630,10173366
3740,Belgium,2010,"483,548,031,197",47355,10211171
3752,Belgium,2011,"527,008,453,887",50893,10355126
3764,Belgium,2012,"497,884,216,569",47678,10442637
3776,Belgium,2013,"520,925,468,953",49489,10526149
3788,Belgium,2014,"530,770,977,634",50173,10578848
3800,Belgium,2015,"455,039,563,133",42830,10624356
3956,Belize,2000,"832,072,450",3960,210109
3968,Belize,2001,"871,860,600",4013,217279
3980,Belize,2002,"932,551,850",4161,224136
3992,Belize,2003,"990,374,050",4289,230890
4004,Belize,2004,"1,057,845,500",4449,237791
4016,Belize,2005,"1,114,222,550",4547,245020
4028,Belize,2006,"1,217,467,600",4815,252826
4040,Belize,2007,"1,290,573,400",4951,260667
4052,Belize,2008,"1,368,625,150",5098,268487
4064,Belize,2009,"1,336,957,250",4841,276189
4076,Belize,2010,"1,397,113,450",4923,283796
4088,Belize,2011,"1,487,005,600",5098,291662
4100,Belize,2012,"1,573,670,250",5264,298946
4112,Belize,2013,"1,612,573,850",5272,305888
4124,Belize,2014,"1,703,951,050",5448,312780
4136,Belize,2015,"1,778,567,600",5561,319835
4148,Bosnia and Herzegovina,2011,"18,644,723,861",5076,3673312
4160,Bosnia and Herzegovina,2014,"18,558,343,508",5079,3654169
4352,Brazil,2000,"655,420,645,477",4156,157715991
4364,Brazil,2001,"559,372,276,082",3492,160178796
4376,Brazil,2002,"507,962,487,700",3121,162761414
4388,Brazil,2003,"558,319,920,832",3376,165396911
4400,Brazil,2004,"669,316,654,017",3984,167993068
4412,Brazil,2005,"891,630,175,813",5230,170483960
4424,Brazil,2006,"1,107,640,297,890",6403,172974722
4436,Brazil,2007,"1,397,084,345,950",7970,175293192
4448,Brazil,2008,"1,695,824,571,927",9555,177471632
4460,Brazil,2009,"1,667,019,780,934",9283,179569551
4472,Brazil,2010,"2,208,871,646,203",12161,181629712
4484,Brazil,2011,"2,616,201,578,192",14245,183656441
4496,Brazil,2012,"2,465,188,674,415",13283,185591215
4508,Brazil,2013,"2,472,806,919,902",13191,187458852
4520,Brazil,2014,"2,455,993,625,159",12975,189285554
4532,Brazil,2015,"1,802,214,373,741",9431,191087085
4724,Bulgaria,2000,"13,153,016,531",1680,7829095
4736,Bulgaria,2001,"14,075,616,789",1854,7591926
4748,Bulgaria,2002,"16,276,456,428",2157,7544410
4760,Bulgaria,2003,"20,982,685,981",2800,7493166
4772,Bulgaria,2004,"25,957,970,922",3485,7447563
4784,Bulgaria,2005,"29,636,617,750",4003,7404051
4796,Bulgaria,2006,"34,130,122,491",4638,7358508
4808,Bulgaria,2007,"44,411,476,557",6073,7312474
4820,Bulgaria,2008,"54,409,138,498",7487,7267511
4832,Bulgaria,2009,"51,884,481,410",7186,7219817
4844,Bulgaria,2010,"50,610,058,210",7066,7162740
4856,Bulgaria,2011,"57,418,414,504",8137,7056527
4868,Bulgaria,2012,"53,903,022,339",7745,6959652
4880,Bulgaria,2013,"55,758,754,072",8057,6920644
4892,Bulgaria,2014,"56,731,990,232",8241,6883874
4904,Cabo Verde,2011,"1,864,824,081",4124,452179
5096,Canada,2000,"742,293,448,253",25589,29008565
5108,Canada,2001,"736,379,777,893",25165,29262055
5120,Canada,2002,"757,950,678,647",25570,29642114
5132,Canada,2003,"892,380,986,368",29787,29958833
5144,Canada,2004,"1,023,196,003,075",33787,30283966
5156,Canada,2005,"1,169,357,979,865",38218,30597090
5168,Canada,2006,"1,315,415,197,461",42566,30902962
5180,Canada,2007,"1,464,977,190,206",46890,31242631
5192,Canada,2008,"1,549,131,208,997",49041,31588641
5204,Canada,2009,"1,371,153,004,986",42933,31937357
5216,Canada,2010,"1,613,464,422,811",49974,32286140
5228,Canada,2011,"1,788,647,906,048",54841,32615418
5240,Canada,2012,"1,824,288,757,448",55347,32961196
5252,Canada,2013,"1,842,628,005,830",55310,33314836
5444,Chile,2000,"77,860,932,152",5584,13943575
5456,Chile,2001,"70,979,923,960",5020,14139590
5468,Chile,2002,"69,736,811,435",4866,14332840
5480,Chile,2003,"75,643,459,840",5208,14523758
5492,Chile,2004,"99,210,392,858",6744,14710993
5504,Chile,2005,"122,964,812,046",8256,14893574
5516,Chile,2006,"154,788,024,806",10270,15071596
5528,Chile,2007,"173,605,968,179",11387,15245435
5540,Chile,2008,"179,638,496,279",11653,15415661
5552,Chile,2009,"172,389,498,445",11062,15584149
5564,Chile,2010,"218,537,551,220",13874,15751851
5576,Chile,2011,"252,251,992,029",15854,15910783
5588,Chile,2012,"267,122,320,057",16617,16075247
5600,Chile,2013,"278,384,332,694",17140,16242244
5612,Chile,2014,"260,584,090,571",15883,16406867
5624,Chile,2015,"243,999,477,738",14729,16565725
5816,Colombia,2000,"99,886,577,331",2755,36252342
5828,Colombia,2001,"98,203,546,156",2662,36884428
5840,Colombia,2002,"97,933,391,976",2613,37478276
5852,Colombia,2003,"94,684,584,163",2489,38044513
5864,Colombia,2004,"117,074,863,822",3033,38604716
5876,Colombia,2005,"146,566,264,837",3742,39172790
5888,Colombia,2006,"162,590,146,096",4095,39708676
5900,Colombia,2007,"207,416,494,642",5150,40275206
5912,Colombia,2008,"243,982,437,871",5971,40859129
5924,Colombia,2009,"233,821,670,544",5643,41436173
5936,Colombia,2010,"287,018,184,638",6836,41989103
5948,Colombia,2011,"335,415,156,702",7885,42538305
5960,Colombia,2012,"369,659,700,376",8586,43055864
5972,Colombia,2013,"380,191,881,860",8731,43546298
5984,Colombia,2014,"378,195,716,714",8591,44021800
5996,Colombia,2015,"291,519,591,533",6552,44490427
6188,Costa Rica,2000,"14,949,514,585",4233,3531421
6200,Costa Rica,2001,"15,913,363,335",4412,3606850
6212,Costa Rica,2002,"16,504,795,453",4485,3680372
6224,Costa Rica,2003,"17,195,867,540",4583,3751871
6236,Costa Rica,2004,"18,529,767,934",4850,3820857
6248,Costa Rica,2005,"19,952,156,475",5133,3887096
6260,Costa Rica,2006,"22,600,431,878",5716,3953916
6272,Costa Rica,2007,"26,743,874,206",6661,4015241
6284,Costa Rica,2008,"30,612,932,876",7517,4072561
6296,Costa Rica,2009,"30,562,361,123",7403,4128459
6308,Costa Rica,2010,"37,268,635,287",8906,4184663
6320,Costa Rica,2011,"42,262,697,840",9978,4235514
6332,Costa Rica,2012,"46,473,128,286",10832,4290210
6344,Costa Rica,2013,"49,745,088,112",11443,4347229
6356,Costa Rica,2014,"50,577,769,838",11485,4403674
6428,Croatia,2000,"21,774,273,832",5288,4118000
6440,Croatia,2001,"23,289,671,102",5571,4180633
6452,Croatia,2002,"26,878,499,206",6373,4217300
6464,Croatia,2003,"34,658,113,497",8202,4225600
6476,Croatia,2004,"41,574,530,816",9829,4229600
6488,Croatia,2005,"45,416,358,502",10722,4235875
6500,Croatia,2006,"50,453,577,898",11914,4234946
6512,Croatia,2007,"60,093,222,709",14204,4230855
6524,Croatia,2008,"70,481,451,449",16680,4225583
6536,Croatia,2009,"62,703,143,057",14872,4216050
6548,Croatia,2010,"59,829,574,391",14232,4203963
6560,Croatia,2011,"62,375,044,443",14890,4189029
6572,Croatia,2012,"56,565,475,275",13952,4054296
6584,Croatia,2013,"58,085,856,019",14362,4044457
6596,Croatia,2014,"57,629,518,806",14299,4030452
6608,Croatia,2015,"49,425,513,611",12351,4001669
6726,Cuba,2000,"30,565,400,000",2940,10397209
6738,Cuba,2001,"31,682,400,000",3037,10433428
6750,Cuba,2002,"33,590,500,000",3205,10479415
6762,Cuba,2003,"35,901,200,000",3409,10531074
6774,Cuba,2004,"38,203,000,000",3611,10578701
6786,Cuba,2005,"42,643,836,075",4017,10616406
6798,Cuba,2006,"52,742,800,000",4951,10653638
6810,Cuba,2007,"58,603,900,000",5488,10678023
6822,Cuba,2008,"60,806,300,000",5686,10693814
6834,Cuba,2009,"62,080,000,000",5797,10708230
6846,Cuba,2010,"64,328,000,000",5997,10725848
6858,Cuba,2011,"68,990,000,000",6419,10748034
6870,Cuba,2012,"73,141,000,000",6791,10770535
6882,Cuba,2013,"77,148,000,000",7148,10792690
6894,Cuba,2014,"80,656,100,000",7459,10813411
6906,Cuba,2015,"87,132,800,000",8044,10832068
6930,Cyprus,2000,"10,183,317,625",11635,875229
6942,Cyprus,2004,"17,422,375,000",25227,690616
6954,Cyprus,2005,"18,703,146,375",26671,701263
6966,Cyprus,2006,"20,403,713,461",28600,713426
6978,Cyprus,2007,"24,077,470,572",33048,728566
6990,Cyprus,2008,"27,839,460,964",37267,747034
7002,Cyprus,2009,"25,942,622,951",33816,767174
7014,Cyprus,2010,"25,562,251,656",32477,787081
7026,Cyprus,2011,"27,427,161,523",34249,800820
7038,Cyprus,2012,"25,041,372,222",30752,814305
7050,Cyprus,2013,"24,084,572,491",29624,813016
7062,Cyprus,2014,"23,359,294,149",29024,804818
7074,Cyprus,2015,"19,676,167,240",24718,796037
7216,Czech Republic,2000,"61,649,492,817",6278,9819742
7228,Czech Republic,2001,"67,523,642,262",6863,9838083
7240,Czech Republic,2002,"81,910,771,994",8399,9752463
7252,Czech Republic,2003,"99,627,140,274",10220,9748550
7264,Czech Republic,2004,"119,162,172,468",12226,9746647
7276,Czech Republic,2005,"136,280,689,891",13961,9761733
7288,Czech Republic,2006,"155,463,807,113",15896,9780319
7300,Czech Republic,2007,"189,227,050,760",19273,9818295
7312,Czech Republic,2008,"235,718,586,901",23811,9899594
7324,Czech Republic,2009,"206,179,982,164",20748,9937407
7336,Czech Republic,2010,"207,477,857,919",20862,9945273
7348,Czech Republic,2011,"227,948,349,666",23010,9906318
7360,Czech Republic,2012,"207,376,427,021",20898,9923127
7372,Czech Republic,2013,"209,402,444,996",21073,9936780
7384,Czech Republic,2014,"207,818,330,724",20859,9963127
7396,Czech Republic,2015,"186,829,940,546",18703,9989325
7490,Denmark,2000,"164,158,800,460",32841,4998610
7502,Denmark,2001,"164,791,416,350",32837,5018451
7514,Denmark,2002,"178,635,160,297",35435,5041222
7526,Denmark,2003,"218,095,997,085",43129,5056783
7538,Denmark,2004,"251,373,036,671",49552,5072927
7550,Denmark,2005,"264,467,308,109",51960,5089852
7562,Denmark,2006,"282,884,912,894",55354,5110460
7574,Denmark,2007,"319,423,370,134",62229,5133001
7586,Denmark,2008,"353,361,056,080",68447,5162525
7598,Denmark,2009,"321,241,396,034",61863,5192790
7610,Denmark,2010,"321,995,350,347",61711,5217785
7622,Denmark,2011,"344,003,209,696",65598,5244150
7634,Denmark,2012,"327,148,899,962",62071,5270539
7646,Denmark,2013,"343,584,385,594",64831,5299698
7658,Denmark,2014,"352,993,633,221",66114,5339166
7670,Denmark,2015,"301,298,464,861",55972,5383060
7874,Ecuador,2000,"18,327,764,882",1650,11109383
7886,Ecuador,2001,"24,468,324,000",2160,11328328
7898,Ecuador,2002,"28,548,945,000",2472,11548770
7910,Ecuador,2003,"32,432,858,000",2755,11771002
7922,Ecuador,2004,"36,591,661,000",3051,11994153
7934,Ecuador,2005,"41,507,085,000",3397,12217643
7946,Ecuador,2006,"46,802,044,000",3759,12449374
7958,Ecuador,2007,"51,007,777,000",4024,12677354
7970,Ecuador,2008,"61,762,635,000",4787,12903183
7982,Ecuador,2009,"62,519,686,000",4762,13130161
7994,Ecuador,2010,"69,555,367,000",5206,13360285
8006,Ecuador,2011,"79,276,664,000",5836,13583553
8018,Ecuador,2012,"87,924,544,000",6364,13815861
8030,Ecuador,2013,"95,129,659,000",6769,14054613
8042,Ecuador,2014,"101,726,331,000",7116,14295145
8054,Ecuador,2015,"99,290,381,000",6832,14534024
8174,El Salvador,2000,"11,784,927,700",2303,5118189
8186,El Salvador,2001,"12,282,533,600",2373,5175094
8198,El Salvador,2002,"12,664,190,300",2421,5230458
8210,El Salvador,2003,"13,243,892,200",2507,5283542
8222,El Salvador,2004,"13,724,810,900",2573,5333170
8234,El Salvador,2005,"14,698,001,400",2733,5378879
8246,El Salvador,2006,"15,999,886,400",2947,5429044
8258,El Salvador,2007,"17,011,750,900",3111,5467861
8270,El Salvador,2008,"17,986,886,200",3271,5499287
8282,El Salvador,2009,"17,601,616,000",3184,5528910
8294,El Salvador,2010,"18,447,922,400",3318,5560453
8306,El Salvador,2011,"20,283,783,700",3631,5585785
8318,El Salvador,2012,"21,386,153,000",3806,5618823
8330,El Salvador,2013,"21,977,401,900",3885,5657250
8342,El Salvador,2014,"22,585,841,200",3965,5696329
8414,Estonia,2000,"5,685,774,809",4262,1334175
8426,Estonia,2001,"6,245,069,734",4711,1325610
8438,Estonia,2002,"7,322,069,511",5561,1316690
8450,Estonia,2003,"9,833,870,709",7523,1307160
8462,Estonia,2004,"12,059,201,242",9293,1297650
8474,Estonia,2005,"14,006,088,297",10870,1288495
8486,Estonia,2006,"16,963,625,016",13264,1278915
8498,Estonia,2007,"22,237,061,730",17504,1270415
8510,Estonia,2008,"24,194,039,256",19141,1264005
8522,Estonia,2009,"19,652,492,637",15609,1259010
8534,Estonia,2010,"19,490,936,349",15540,1254225
8546,Estonia,2011,"23,170,239,901",18545,1249427
8558,Estonia,2012,"23,043,864,510",18411,1251631
8570,Estonia,2013,"25,137,153,149",20221,1243096
8582,Estonia,2014,"26,224,622,451",21117,1241852
8594,Estonia,2015,"22,566,956,982",18149,1243450
8606,Fiji,2001,"1,660,102,346",2307,719459
8618,Fiji,2002,"1,842,691,481",2548,723187
8630,Fiji,2003,"2,315,935,753",3192,725591
8642,Fiji,2004,"2,727,507,213",3744,728408
8654,Fiji,2005,"3,006,725,015",4104,732607
8666,Fiji,2006,"3,102,741,451",4206,737759
8678,Fiji,2007,"3,405,050,612",4570,745055
8690,Fiji,2008,"3,523,185,920",4675,753658
8702,Fiji,2009,"2,870,624,636",3765,762403
8714,Fiji,2011,"3,774,530,616",4862,776325
8726,Fiji,2012,"3,972,012,571",5073,782939
8894,Finland,2000,"125,539,893,127",25716,4881820
8906,Finland,2001,"129,250,111,857",26383,4898983
8918,Finland,2002,"139,552,983,249",28390,4915614
8930,Finland,2003,"171,071,106,095",34701,4929856
8942,Finland,2004,"196,768,065,557",39793,4944765
8954,Finland,2005,"204,436,015,421",41202,4961784
8966,Finland,2006,"216,552,502,823",43487,4979740
8978,Finland,2007,"255,384,615,385",51089,4998853
8990,Finland,2008,"283,742,493,042",56521,5020096
9002,Finland,2009,"251,499,027,508",49878,5042316
9014,Finland,2010,"247,799,815,768",48939,5063494
9026,Finland,2011,"273,674,236,773",53809,5085985
9038,Finland,2012,"256,706,466,091",50232,5110450
9050,Finland,2013,"269,980,111,643",52572,5135433
9062,Finland,2014,"272,609,288,690",52832,5159944
9074,Finland,2015,"232,464,833,066",44862,5181797
9266,France,2000,"1,362,248,940,483",24648,55267624
9278,France,2001,"1,376,465,324,385",24796,55511272
9290,France,2002,"1,494,286,655,374",26714,55935517
9302,France,2003,"1,840,480,812,641",32656,56360402
9314,France,2004,"2,115,742,488,205",37240,56813922
9326,France,2005,"2,196,126,103,718",38420,57160687
9338,France,2006,"2,318,593,651,988",40097,57824447
9350,France,2007,"2,657,213,249,384",45682,58167011
9362,France,2008,"2,918,382,891,460",49901,58482967
9374,France,2009,"2,690,222,283,968",45775,58770727
9386,France,2010,"2,642,609,548,930",44747,59056283
9398,France,2011,"2,861,408,170,265",48217,59344643
9410,France,2012,"2,683,825,225,093",45002,59638457
9422,France,2013,"2,811,077,725,704",46922,59910069
9434,France,2014,"2,852,165,760,630",47318,60275954
9554,Georgia,2000,"3,057,453,483",734,4165600
9566,Georgia,2001,"3,219,487,747",777,4140950
9578,Georgia,2004,"5,125,363,001",1253,4089850
9590,Georgia,2005,"6,410,852,596",1552,4132000
9602,Georgia,2006,"7,745,406,201",1859,4166500
9614,Georgia,2007,"10,172,869,680",2448,4154900
9626,Georgia,2009,"10,766,809,099",2589,4158750
9638,Georgia,2010,"11,638,536,834",2775,4193800
9650,Georgia,2011,"14,434,619,982",3435,4202600
9662,Georgia,2012,"15,846,474,596",3772,4200900
9674,Georgia,2013,"16,140,047,012",3850,4192600
9686,Georgia,2014,"16,509,305,828",4757,3470600
9698,Georgia,2015,"13,993,546,732",4046,3458400
9830,Germany,2000,"1,949,953,934,034",24922,78242066
9842,Germany,2001,"1,950,648,769,575",24874,78421514
9854,Germany,2002,"2,079,136,081,310",26441,78633771
9866,Germany,2003,"2,505,733,634,312",31816,78756461
9878,Germany,2004,"2,819,245,095,605",35772,78811814
9890,Germany,2005,"2,861,410,272,354",36289,78851254
9902,Germany,2006,"3,002,446,368,084",38088,78828994
9914,Germany,2007,"3,439,953,462,907",43667,78776585
9926,Germany,2008,"3,752,365,607,148",47702,78662789
9938,Germany,2009,"3,418,005,001,389",43570,78448602
9950,Germany,2010,"3,417,094,562,649",43614,78349067
9962,Germany,2011,"3,757,698,281,118",47947,78371140
9974,Germany,2012,"3,543,983,909,148",45142,78508115
9986,Germany,2013,"3,752,513,503,278",48563,77270988
9998,Germany,2014,"3,890,606,893,347",50167,77552369
10010,Germany,2015,"3,375,611,100,742",43201,78136683
10202,Greece,2000,"130,133,845,771",12509,10403059
10214,Greece,2001,"136,191,353,468",13043,10441529
10226,Greece,2002,"153,830,947,017",14676,10482045
10238,Greece,2003,"201,924,270,316",19202,10515665
10250,Greece,2004,"240,521,260,988",22804,10547290
10262,Greece,2005,"247,783,001,865",23414,10582816
10274,Greece,2006,"273,317,737,047",25739,10618891
10286,Greece,2007,"318,497,936,901",29896,10653591
10298,Greece,2008,"354,460,802,549",33168,10686723
10310,Greece,2009,"330,000,252,153",30785,10719618
10322,Greece,2010,"299,361,576,558",27886,10735384
10334,Greece,2011,"287,797,822,093",26825,10728724
10346,Greece,2012,"245,670,666,639",23309,10539802
10358,Greece,2013,"239,862,011,450",22994,10431289
10370,Greece,2014,"237,029,579,261",22834,10380547
10382,Greece,2015,"195,541,761,243",18927,10331286
10514,Grenada,2001,"520,444,185",5693,91415
10526,Grenada,2002,"540,336,926",5879,91908
10538,Grenada,2003,"591,018,407",6385,92567
10550,Grenada,2004,"599,118,593",6428,93202
10562,Grenada,2005,"695,370,296",7422,93685
10574,Grenada,2006,"698,700,667",7423,94126
10586,Grenada,2007,"758,683,593",8035,94418
10598,Grenada,2008,"825,977,889",8733,94585
10610,Grenada,2009,"771,278,111",8140,94746
10622,Grenada,2010,"771,015,889",8118,94980
10634,Grenada,2011,"778,648,667",8188,95102
10646,Grenada,2012,"799,882,148",8382,95426
10658,Grenada,2013,"842,620,111",8789,95876
10670,Grenada,2014,"911,481,481",9456,96393
10682,Grenada,2015,"997,007,926",10290,96892
10872,Guatemala,2000,"19,288,827,159",1977,9755585
10884,Guatemala,2001,"18,702,802,395",1867,10015097
10896,Guatemala,2002,"20,776,669,467",2022,10277166
10908,Guatemala,2003,"21,917,706,491",2079,10542980
10920,Guatemala,2004,"23,965,275,996",2215,10817808
10932,Guatemala,2005,"27,211,377,225",2450,11104906
10944,Guatemala,2006,"30,231,249,362",2653,11397134
10956,Guatemala,2007,"34,113,107,086",2914,11708397
10968,Guatemala,2008,"39,136,893,345",3252,12032885
10980,Guatemala,2009,"37,733,994,976",3053,12359945
10992,Guatemala,2010,"41,338,595,381",3260,12682151
11004,Guatemala,2011,"47,654,841,113",3661,13017342
11016,Guatemala,2012,"50,388,454,861",3779,13335425
11028,Guatemala,2013,"53,851,058,955",3947,13641878
11040,Guatemala,2014,"58,722,323,918",4210,13947190
11052,Guatemala,2015,"63,767,597,194",4472,14258397
11208,Guyana,2001,"696,281,472",1054,660426
11220,Guyana,2002,"722,460,886",1090,662839
11232,Guyana,2003,"741,929,343",1116,664705
11244,Guyana,2004,"785,918,770",1180,666308
11256,Guyana,2005,"824,880,550",1235,667709
11268,Guyana,2006,"1,458,449,453",2182,668408
11280,Guyana,2007,"1,740,334,782",2602,668788
11292,Guyana,2008,"1,922,598,121",2873,669253
11304,Guyana,2009,"2,061,323,854",3076,670155
11316,Guyana,2010,"2,273,225,042",3384,671825
11328,Guyana,2011,"2,576,024,116",3815,675283
11340,Guyana,2012,"2,861,562,266",4212,679356
11352,Guyana,2013,"2,990,006,534",4372,683867
11472,Hungary,2000,"47,310,623,887",4966,9527034
11484,Hungary,2001,"53,821,315,066",5546,9704598
11496,Hungary,2002,"67,716,887,203",6995,9680164
11508,Hungary,2003,"85,324,771,841",8840,9652533
11520,Hungary,2004,"104,066,609,518",10806,9630044
11532,Hungary,2005,"113,035,361,317",11764,9608943
11544,Hungary,2006,"115,295,199,392",12021,9591110
11556,Hungary,2007,"139,850,794,387",14609,9572938
11568,Hungary,2008,"157,998,423,132",16540,9552784
11580,Hungary,2009,"130,593,960,612",13697,9534237
11592,Hungary,2010,"130,922,638,689",13761,9514005
11604,Hungary,2011,"140,782,064,609",14827,9495011
11616,Hungary,2012,"127,856,647,108",13525,9453181
11628,Hungary,2013,"135,215,704,419",14333,9433840
11640,Hungary,2014,"140,118,140,455",14886,9412788
11652,Hungary,2015,"122,879,042,002",13087,9389519
11854,Iceland,2000,"8,927,140,438",34372,259723
11866,Iceland,2001,"8,136,345,144",30850,263738
11878,Iceland,2002,"9,207,689,916",34556,266455
11890,Iceland,2003,"11,316,441,660",42174,268330
11902,Iceland,2004,"13,722,824,251",50528,271588
11914,Iceland,2005,"16,691,490,114",60712,274929
11926,Iceland,2006,"17,048,647,568",60243,282999
11938,Iceland,2007,"21,319,946,740",73590,289712
11950,Iceland,2008,"17,658,408,759",59489,296836
11962,Iceland,2009,"12,944,114,736",43700,296204
11974,Iceland,2010,"13,310,567,803",45179,294620
11986,Iceland,2011,"14,732,689,535",49861,295475
11998,Iceland,2012,"14,292,008,745",48083,297238
12010,Iceland,2013,"15,548,321,544",51749,300456
12022,Iceland,2014,"17,304,033,021",56833,304472
12034,Iceland,2015,"16,942,247,374",54909,308554
12236,Ireland,2000,"99,853,528,653",28340,3523376
12248,Ireland,2001,"109,133,512,304",30536,3573974
12260,Ireland,2002,"127,945,379,258",35154,3639573
12272,Ireland,2003,"164,285,112,867",44473,3694079
12284,Ireland,2004,"193,870,350,137",51662,3752679
12296,Ireland,2005,"211,650,764,830",55213,3833357
12308,Ireland,2006,"232,085,535,065",58941,3937578
12320,Ireland,2007,"269,917,519,847",67032,4026707
12332,Ireland,2008,"275,020,023,436",67173,4094192
12344,Ireland,2009,"236,311,336,482",57390,4117667
12356,Ireland,2010,"221,951,354,762",52042,4264857
12368,Ireland,2011,"239,018,536,582",56655,4218849
12380,Ireland,2012,"225,571,853,194",53443,4220806
12392,Ireland,2013,"239,389,340,720",56628,4227378
12404,Ireland,2014,"258,099,014,042",59634,4328043
12596,Israel,2000,"132,339,311,284",23451,5643291
12608,Israel,2001,"130,706,147,871",22623,5777467
12620,Israel,2002,"121,069,378,150",20536,5895508
12632,Israel,2003,"126,864,966,909",21133,6003127
12644,Israel,2004,"135,445,033,199",22168,6109931
12656,Israel,2005,"142,462,925,574",22901,6220861
12668,Israel,2006,"153,966,916,311",24306,6334485
12680,Israel,2007,"178,706,717,753",27712,6448814
12692,Israel,2008,"215,840,354,627",32874,6565602
12704,Israel,2009,"207,419,370,241",30812,6731835
12716,Israel,2010,"233,609,522,091",34104,6849825
12728,Israel,2011,"261,628,548,084",37528,6971495
12740,Israel,2012,"257,296,579,579",36263,7095360
12752,Israel,2013,"292,489,185,194",40477,7226008
12764,Israel,2014,"308,416,982,140",41869,7366252
12776,Israel,2015,"299,093,839,690",39793,7516180
12968,Italy,2000,"1,141,759,996,315",21027,54298946
12980,Italy,2001,"1,162,317,852,349",21392,54333844
12992,Italy,2002,"1,266,510,634,293",23227,54526842
13004,Italy,2003,"1,569,649,661,400",28572,54937570
13016,Italy,2004,"1,798,314,750,435",32704,54988156
13028,Italy,2005,"1,852,661,982,341",33536,55244690
13040,Italy,2006,"1,942,633,797,516",34578,56180672
13052,Italy,2007,"2,203,053,380,783",38935,56583578
13064,Italy,2008,"2,390,729,163,615",41935,57009825
13076,Italy,2009,"2,185,160,183,384",38101,57351830
13088,Italy,2010,"2,125,058,244,243",36869,57637843
13100,Italy,2011,"2,276,292,404,601",40210,56610149
13112,Italy,2012,"2,072,823,157,060",36497,56795085
13124,Italy,2013,"2,130,491,320,659",37050,57503331
13136,Italy,2014,"2,151,732,868,243",37035,58100676
13148,Italy,2015,"1,832,868,490,534",31537,58117697
13244,Jamaica,2000,"8,985,352,832",3795,2367841
13256,Jamaica,2001,"9,178,016,493",3838,2391278
13268,Jamaica,2002,"9,694,169,757",4013,2415717
13280,Jamaica,2003,"9,399,447,609",3852,2440426
13292,Jamaica,2004,"10,150,978,155",4119,2464408
13304,Jamaica,2005,"11,204,416,000",4505,2487169
13316,Jamaica,2006,"11,905,525,197",4738,2512597
13328,Jamaica,2009,"12,038,829,246",4686,2568883
13340,Jamaica,2010,"13,191,645,686",5100,2586652
13352,Jamaica,2011,"14,439,910,353",5552,2601037
13544,Japan,2000,"4,887,519,660,745",40813,119752660
13556,Japan,2001,"4,303,544,259,843",35843,120066000
13568,Japan,2002,"4,115,116,279,070",34239,120189000
13580,Japan,2003,"4,445,658,071,222",36926,120395000
13592,Japan,2004,"4,815,148,854,362",39960,120500000
13604,Japan,2005,"4,755,410,630,912",39412,120657507
13616,Japan,2006,"4,530,377,224,970",37534,120702000
13628,Japan,2007,"4,515,264,514,431",37408,120704000
13640,Japan,2008,"5,037,908,465,114",41773,120602000
13652,Japan,2009,"5,231,382,674,594",43415,120496000
13664,Japan,2010,"5,700,098,114,744",47059,121127267
13676,Japan,2011,"6,157,459,594,824",50919,120927000
13688,Japan,2012,"6,203,213,121,334",51379,120735000
13700,Japan,2013,"5,155,717,056,271",42781,120514000
13712,Japan,2014,"4,850,413,536,038",40328,120274000
13724,Japan,2015,"4,394,977,752,878",36510,120376310
13856,Kazakhstan,2000,"18,291,990,619",1328,13772422
13868,Kazakhstan,2001,"22,152,694,162",1608,13772696
13880,Kazakhstan,2002,"24,636,593,223",1788,13777476
13892,Kazakhstan,2003,"30,833,699,703",2232,13811863
13904,Kazakhstan,2004,"43,151,647,003",3110,13873328
13916,Kazakhstan,2005,"57,123,671,734",4096,13947770
13928,Kazakhstan,2006,"81,003,884,545",5770,14037676
13940,Kazakhstan,2007,"104,849,886,826",7423,14125606
13952,Kazakhstan,2008,"133,441,612,247",9387,14216053
13964,Kazakhstan,2009,"115,308,661,143",8024,14370635
13976,Kazakhstan,2010,"148,047,348,241",10062,14713167
13988,Kazakhstan,2011,"192,626,507,972",12969,14853350
14000,Kazakhstan,2012,"207,998,568,866",13845,15023549
14012,Kazakhstan,2013,"236,634,552,078",15552,15215382
14024,Kazakhstan,2014,"221,415,572,820",14351,15428844
14036,Kazakhstan,2015,"184,388,432,149",11784,15646752
14156,Kiribati,2000,"67,254,174",928,72440
14168,Kiribati,2001,"63,101,272",854,73851
14300,Kuwait,2000,"37,711,864,407",19112,1973153
14312,Kuwait,2001,"34,890,772,742",17116,2038530
14324,Kuwait,2002,"38,137,545,245",17668,2158603
14336,Kuwait,2003,"47,875,838,926",24544,1950622
14348,Kuwait,2004,"59,440,108,585",29778,1996086
14360,Kuwait,2005,"80,797,945,205",39166,2062968
14372,Kuwait,2006,"101,550,654,721",46890,2165713
14384,Kuwait,2007,"114,641,097,818",37283,3074918
14396,Kuwait,2008,"147,395,833,333",43746,3369394
14408,Kuwait,2009,"105,899,930,507",33453,3165654
14420,Kuwait,2010,"115,419,050,942",35171,3281614
14432,Kuwait,2011,"154,027,536,232",46203,3333698
14444,Kuwait,2012,"174,070,025,009",49781,3496698
14456,Kuwait,2013,"174,161,142,454",48729,3574090
14468,Kuwait,2014,"162,631,412,509",43774,3715284
14600,Kyrgyzstan,2000,"1,369,693,171",313,4369202
14612,Kyrgyzstan,2001,"1,525,112,242",345,4425784
14624,Kyrgyzstan,2002,"1,605,640,633",359,4473163
14636,Kyrgyzstan,2003,"1,919,012,781",424,4520843
14648,Kyrgyzstan,2004,"2,211,535,312",484,4572278
14660,Kyrgyzstan,2005,"2,460,248,026",533,4614533
14672,Kyrgyzstan,2006,"2,834,168,889",610,4646475
14684,Kyrgyzstan,2007,"3,802,566,171",814,4668640
14696,Kyrgyzstan,2008,"5,139,957,785",1096,4690924
14708,Kyrgyzstan,2009,"4,690,062,255",977,4800134
14720,Kyrgyzstan,2010,"4,794,357,795",991,4837556
14732,Kyrgyzstan,2011,"6,197,766,119",1273,4870538
14744,Kyrgyzstan,2012,"6,605,139,933",1339,4932360
14756,Kyrgyzstan,2013,"7,335,027,592",1463,5012200
14768,Kyrgyzstan,2014,"7,468,096,567",1465,5096430
14780,Kyrgyzstan,2015,"6,678,178,340",1285,5195827
14852,Latvia,2000,"7,937,758,980",3494,2272107
14864,Latvia,2001,"8,350,252,966",3724,2242227
14876,Latvia,2002,"9,546,441,564",4311,2214484
14888,Latvia,2003,"11,748,433,157",5364,2190211
14900,Latvia,2004,"14,373,269,156",6644,2163477
14912,Latvia,2005,"16,922,504,045",7916,2137831
14924,Latvia,2006,"21,447,021,570",10139,2115215
14936,Latvia,2007,"30,901,399,261",14758,2093878
14948,Latvia,2008,"35,596,016,664",17217,2067529
14960,Latvia,2009,"26,169,854,045",12890,2030316
14972,Latvia,2010,"23,757,368,290",11951,1987906
14984,Latvia,2011,"28,223,552,825",14447,1953611
14996,Latvia,2012,"28,119,996,053",14558,1931521
15008,Latvia,2013,"30,254,677,297",15820,1912464
15020,Latvia,2014,"31,335,013,752",16544,1894041
15032,Latvia,2015,"26,972,863,394",14382,1875522
15104,Lithuania,2000,"11,539,211,480",3481,3315125
15116,Lithuania,2001,"12,252,498,921",3719,3294138
15128,Lithuania,2002,"14,278,357,284",4360,3274488
15140,Lithuania,2003,"18,802,576,988",5778,3254127
15152,Lithuania,2004,"22,649,930,576",7028,3222969
15164,Lithuania,2005,"26,125,575,942",8229,3174728
15176,Lithuania,2006,"30,216,060,233",9667,3125767
15188,Lithuania,2007,"39,738,180,077",12869,3087867
15200,Lithuania,2008,"47,850,551,149",15669,3053756
15212,Lithuania,2009,"37,440,673,478",12412,3016497
15224,Lithuania,2010,"37,120,517,694",12584,2949737
15236,Lithuania,2011,"43,476,873,413",15097,2879805
15248,Lithuania,2012,"42,848,195,256",15099,2837770
15260,Lithuania,2013,"46,417,340,375",16538,2806627
15272,Lithuania,2014,"48,516,371,721",17442,2781577
15284,Lithuania,2015,"41,508,609,233",15073,2753926
15486,Luxembourg,2000,"21,263,514,833",51841,410164
15498,Luxembourg,2001,"21,272,418,792",51391,413930
15510,Luxembourg,2002,"23,616,328,816",56484,418106
15522,Luxembourg,2003,"29,557,325,056",69768,423654
15534,Luxembourg,2004,"34,685,281,848",80639,430128
15546,Luxembourg,2005,"37,347,394,603",85397,437338
15558,Luxembourg,2006,"42,414,308,117",95351,444821
15570,Luxembourg,2007,"50,888,134,410",112581,452012
15582,Luxembourg,2008,"55,849,686,539",121315,460371
15594,Luxembourg,2009,"51,370,543,206",109483,469209
15606,Luxembourg,2010,"53,212,476,812",111328,477979
15618,Luxembourg,2011,"60,004,630,234",122729,488918
15630,Luxembourg,2012,"56,677,961,787",113120,501044
15642,Luxembourg,2013,"61,739,352,212",120423,512689
15654,Luxembourg,2014,"66,327,344,189",126352,524940
15666,Luxembourg,2015,"57,784,495,265",107456,537748
15690,Maldives,2000,"624,337,145",2524,247387
15702,Maldives,2001,"870,179,739",3406,255503
15714,Maldives,2002,"897,031,250",3401,263747
15726,Maldives,2003,"1,052,121,055",3867,272110
15738,Maldives,2004,"1,226,829,563",4373,280526
15750,Maldives,2005,"1,163,362,438",4026,288936
15762,Maldives,2007,"1,868,383,461",6115,305536
15774,Maldives,2008,"2,271,646,188",7236,313924
15786,Maldives,2010,"2,588,176,055",7806,331559
15798,Maldives,2011,"2,774,351,760",8135,341018
15990,Malta,2000,"4,306,192,436",11873,362676
16002,Malta,2001,"4,331,870,648",11691,370541
16014,Malta,2002,"4,689,832,690",12524,374456
16026,Malta,2003,"5,456,583,589",14444,377785
16038,Malta,2004,"6,062,780,269",15916,380918
16050,Malta,2005,"6,394,851,387",16648,384111
16062,Malta,2006,"6,757,119,558",17504,386038
16074,Malta,2007,"7,880,509,171",20333,387581
16086,Malta,2008,"8,977,149,553",23007,390195
16098,Malta,2009,"8,528,202,278",21695,393102
16110,Malta,2010,"8,741,059,603",22132,394949
16122,Malta,2011,"9,507,645,260",23984,396423
16134,Malta,2012,"9,209,559,296",23074,399138
16146,Malta,2013,"10,145,114,180",25191,402728
16158,Malta,2014,"11,234,045,376",27634,406525
16170,Malta,2015,"10,574,026,838",25750,410637
16362,Mauritius,2000,"4,582,555,125",4339,1056073
16374,Mauritius,2001,"4,536,538,211",4244,1068947
16386,Mauritius,2002,"4,767,303,154",4415,1079755
16398,Mauritius,2003,"5,609,831,328",5136,1092234
16410,Mauritius,2004,"6,385,695,187",5789,1103091
16422,Mauritius,2005,"6,283,803,256",5641,1113942
16434,Mauritius,2006,"7,028,803,366",6246,1125301
16446,Mauritius,2007,"8,150,138,757",7179,1135233
16458,Mauritius,2008,"9,990,370,016",8716,1146258
16470,Mauritius,2009,"9,128,843,109",7873,1159551
16482,Mauritius,2010,"10,003,670,690",8587,1164931
16494,Mauritius,2011,"11,518,393,367",9817,1173352
16506,Mauritius,2012,"11,668,685,524",9884,1180547
16518,Mauritius,2013,"12,129,642,296",10572,1147390
16530,Mauritius,2014,"12,803,445,934",11120,1151424
16542,Mauritius,2015,"11,692,287,066",10125,1154848
16744,Mexico,2000,"707,906,744,575",7892,89694793
16756,Mexico,2001,"756,706,300,590",8311,91052714
16768,Mexico,2002,"772,106,378,935",8357,92394316
16780,Mexico,2003,"729,336,319,677",7779,93758859
16792,Mexico,2004,"782,240,601,985",8217,95193068
16804,Mexico,2005,"877,476,221,382",9071,96730008
16816,Mexico,2006,"975,387,131,716",9906,98468839
16828,Mexico,2007,"1,052,696,282,279",10496,100294297
16840,Mexico,2008,"1,109,989,038,339",10864,102170587
16852,Mexico,2009,"900,045,362,045",8651,104044342
16864,Mexico,2010,"1,057,801,282,051",9991,105875861
16876,Mexico,2011,"1,180,489,563,964",10965,107655100
16888,Mexico,2012,"1,201,090,018,604",10982,109368765
16900,Mexico,2013,"1,274,443,078,609",11478,111036708
16912,Mexico,2014,"1,314,385,330,073",11663,112692589
16924,Mexico,2015,"1,169,622,672,463",10228,114357884
16946,Montenegro,2000,"984,297,589",1701,578668
16958,Montenegro,2001,"1,159,869,246",2004,578668
16970,Montenegro,2002,"1,284,685,051",2220,578668
16982,Montenegro,2003,"1,707,710,053",2946,579688
16994,Montenegro,2004,"2,073,234,418",3565,581623
17006,Montenegro,2005,"2,257,174,481",3870,583232
17018,Montenegro,2006,"2,721,904,403",4654,584885
17030,Montenegro,2007,"3,680,710,375",6268,587244
17042,Montenegro,2008,"4,545,674,528",7705,589953
17054,Montenegro,2009,"4,159,330,370",7023,592234
17246,Netherlands,2000,"412,807,259,996",27644,14933235
17258,Netherlands,2001,"426,573,601,790",28366,15038337
17270,Netherlands,2002,"465,368,906,456",30757,15130318
17282,Netherlands,2003,"571,863,431,151",37614,15203397
17294,Netherlands,2004,"650,532,654,582",42614,15265861
17306,Netherlands,2005,"678,533,764,457",44289,15320595
17318,Netherlands,2006,"726,649,102,998",47281,15368697
17330,Netherlands,2007,"839,419,655,078",54418,15425404
17342,Netherlands,2008,"936,228,211,513",60375,15506963
17354,Netherlands,2009,"857,932,759,100",54988,15602176
17366,Netherlands,2010,"836,389,937,229",53302,15691409
17378,Netherlands,2011,"893,757,287,202",56667,15772162
17390,Netherlands,2012,"828,946,812,397",52334,15839503
17402,Netherlands,2013,"866,680,000,367",54510,15899508
17414,Netherlands,2014,"879,635,084,125",55325,15899508
17426,Netherlands,2015,"757,999,453,314",47206,16057342
17628,New Zealand,2000,"52,622,842,840",14725,3573690
17640,New Zealand,2001,"53,872,425,917",14968,3599090
17652,New Zealand,2002,"66,627,729,311",18208,3659190
17664,New Zealand,2003,"88,250,885,550",23663,3729420
17676,New Zealand,2004,"103,904,537,815",27325,3802510
17688,New Zealand,2005,"114,718,721,397",29803,3849280
17700,New Zealand,2006,"111,608,845,081",28628,3898600
17712,New Zealand,2007,"137,316,087,308",34892,3935450
17724,New Zealand,2008,"133,279,679,483",33585,3968450
17736,New Zealand,2009,"121,338,622,025",30259,4009980
17748,New Zealand,2010,"146,583,831,538",36145,4055470
17760,New Zealand,2011,"168,461,998,741",41184,4090460
17772,New Zealand,2012,"176,192,886,551",42756,4120870
17784,New Zealand,2013,"190,785,204,764",46198,4129770
17796,Nicaragua,2010,"8,758,622,329",1715,5107427
17808,Nicaragua,2011,"9,774,316,692",1888,5177921
17820,Nicaragua,2012,"10,532,001,130",2006,5251443
17832,Nicaragua,2013,"10,982,972,256",2062,5326935
17844,Nicaragua,2014,"11,880,438,824",2199,5402424
17856,Nicaragua,2015,"12,611,087,031",2303,5476483
18036,Norway,2000,"171,315,639,983",41099,4168315
18048,Norway,2001,"174,003,247,439",41281,4215103
18060,Norway,2002,"195,418,347,153",46049,4243689
18072,Norway,2003,"228,752,436,372",53533,4273124
18084,Norway,2004,"264,357,494,659",61450,4301960
18096,Norway,2005,"308,722,079,938",71215,4335092
18108,Norway,2006,"345,424,664,369",79007,4372103
18120,Norway,2007,"401,082,621,083",90797,4417369
18132,Norway,2008,"462,554,432,624",103431,4472089
18144,Norway,2009,"386,622,457,580",85394,4527536
18156,Norway,2010,"429,130,952,709",93638,4582885
18168,Norway,2011,"498,831,558,926",107430,4643300
18180,Norway,2012,"510,229,136,227",108408,4706585
18192,Norway,2013,"523,502,127,660",109804,4767605
18204,Norway,2014,"499,338,534,779",103443,4827178
18216,Norway,2015,"386,663,139,403",79187,4882909
18228,Oman,2009,"48,388,296,489",18557,2607549
18240,Oman,2010,"58,642,392,718",21337,2748440
18252,Oman,2014,"81,076,723,017",22328,3631098
18372,Panama,2000,"12,304,115,000",4577,2688510
18384,Panama,2001,"12,502,013,400",4558,2742982
18396,Panama,2002,"12,994,310,400",4641,2800046
18408,Panama,2003,"13,693,981,200",4790,2858964
18420,Panama,2004,"15,013,381,700",5144,2918453
18432,Panama,2005,"16,374,393,900",5499,2977595
18444,Panama,2006,"18,141,666,300",5972,3037959
18456,Panama,2007,"21,295,984,200",6876,3097138
18468,Panama,2008,"25,155,888,600",7972,3155636
18480,Panama,2009,"27,116,635,600",8436,3214513
18492,Panama,2010,"29,440,287,600",8991,3274415
18504,Panama,2011,"34,686,224,300",10403,3334191
18516,Panama,2012,"40,429,734,400",11908,3395244
18528,Panama,2013,"45,599,994,000",13189,3457387
18540,Panama,2014,"49,921,464,400",14181,3520213
18552,Panama,2015,"54,315,722,500",15158,3583382
18708,Paraguay,2000,"8,195,993,231",1782,4598158
18720,Paraguay,2001,"7,662,595,076",1630,4701314
18732,Paraguay,2002,"6,325,151,760",1315,4809921
18744,Paraguay,2003,"6,588,103,836",1339,4920489
18756,Paraguay,2004,"8,033,877,360",1598,5027301
18768,Paraguay,2005,"8,734,653,809",1704,5126457
18780,Paraguay,2006,"10,646,157,920",2038,5223460
18792,Paraguay,2007,"13,794,910,634",2599,5307169
18804,Paraguay,2008,"18,504,130,753",3438,5382169
18816,Paraguay,2009,"15,929,902,138",2920,5456220
18828,Paraguay,2010,"20,030,528,043",3619,5534703
18840,Paraguay,2011,"25,099,681,461",4474,5610499
18852,Paraguay,2012,"24,595,319,574",4319,5695283
18864,Paraguay,2013,"28,965,906,502",5006,5786207
18876,Paraguay,2014,"30,881,166,852",5254,5877594
18948,Philippines,2000,"81,026,300,311",1205,67243482
18960,Philippines,2001,"76,262,072,468",1109,68738092
18972,Philippines,2002,"81,357,605,642",1158,70256443
18984,Philippines,2003,"83,908,206,648",1169,71781489
18996,Philippines,2006,"122,210,716,310",1599,76435755
19008,Philippines,2007,"149,359,918,060",1915,78008654
19020,Philippines,2008,"174,195,136,253",2188,79595888
19032,Philippines,2009,"168,334,601,260",2073,81193855
19044,Philippines,2010,"199,590,775,189",2412,82760992
19056,Philippines,2011,"224,143,083,707",2662,84201767
19164,Poland,2000,"171,885,598,583",4744,36233344
19176,Poland,2001,"190,521,263,343",5249,36295390
19188,Poland,2002,"198,680,637,255",5466,36347498
19200,Poland,2003,"217,513,049,292",5983,36353775
19212,Poland,2004,"255,102,252,843",7014,36371596
19224,Poland,2005,"306,125,173,853",8417,36371365
19236,Poland,2006,"344,748,646,558",9485,36348232
19248,Poland,2007,"429,063,549,984",11816,36310843
19260,Poland,2008,"533,815,789,474",14721,36262711
19272,Poland,2009,"439,796,160,379",12141,36223402
19284,Poland,2010,"479,321,460,551",13304,36027791
19296,Poland,2011,"528,832,185,770",14686,36008237
19308,Poland,2012,"500,360,816,828",13894,36013446
19320,Poland,2013,"524,234,322,597",14552,36023694
19332,Poland,2014,"545,179,584,720",15119,36059630
19344,Poland,2015,"477,355,617,456",13228,36086575
19536,Portugal,2000,"118,358,489,958",12152,9740085
19548,Portugal,2001,"121,545,880,984",12391,9809536
19560,Portugal,2002,"134,228,697,534",13614,9859832
19572,Portugal,2003,"164,964,195,260",16671,9895009
19584,Portugal,2007,"240,169,336,162",24003,10005713
19596,Portugal,2008,"262,007,590,450",26121,10030640
19608,Portugal,2009,"243,745,748,819",24254,10049918
19620,Portugal,2010,"238,303,443,425",23673,10066628
19632,Portugal,2011,"244,895,101,712",24337,10062815
19644,Portugal,2012,"216,368,178,659",21573,10029396
19656,Portugal,2013,"226,073,492,966",22641,9985074
19668,Portugal,2014,"229,629,822,122",23091,9944433
19860,Puerto Rico,2000,"61,701,800,000",17569,3511947
19872,Puerto Rico,2001,"69,208,400,000",19649,3522212
19884,Puerto Rico,2002,"71,623,500,000",20325,3523951
19896,Puerto Rico,2003,"74,827,400,000",21264,3519026
19908,Puerto Rico,2004,"80,322,313,000",22874,3511462
19920,Puerto Rico,2005,"83,914,521,300",23944,3504599
19932,Puerto Rico,2006,"87,276,164,400",24943,3499036
19944,Puerto Rico,2007,"89,524,131,600",25625,3493631
19956,Puerto Rico,2008,"93,639,316,000",26840,3488811
19968,Puerto Rico,2009,"96,385,638,000",27661,3484474
19980,Puerto Rico,2010,"98,381,268,000",28267,3480379
19992,Puerto Rico,2011,"100,351,670,000",28876,3475298
20004,Puerto Rico,2012,"101,564,800,000",29247,3472672
20016,Puerto Rico,2013,"102,450,000,000",29510,3471665
20028,Puerto Rico,2014,"102,445,800,000",29515,3470956
20040,Puerto Rico,2015,"103,143,500,000",29728,3469521
20064,Qatar,2001,"17,538,461,538",32510,539483
20076,Qatar,2004,"31,734,065,934",45517,697191
20088,Qatar,2005,"44,530,494,505",55899,796618
20100,Qatar,2006,"60,882,142,857",64762,940090
20112,Qatar,2007,"79,712,087,912",71460,1115479
20124,Qatar,2008,"115,270,054,945",87961,1310465
20136,Qatar,2009,"97,798,351,648",64911,1506649
20148,Qatar,2010,"125,122,306,346",74055,1689592
20160,Qatar,2011,"167,775,274,725",90490,1854081
20172,Qatar,2012,"186,833,516,484",93270,2003149
20184,Qatar,2013,"198,727,747,253",93066,2135349
20196,Qatar,2014,"206,224,725,275",91587,2251682
20208,Qatar,2015,"164,641,483,516",69937,2354147
20410,Republic of Korea,2000,"561,633,125,840",12686,44271743
20422,Republic of Korea,2001,"533,052,076,314",11922,44710865
20434,Republic of Korea,2002,"609,020,054,512",13501,45110041
20446,Republic of Korea,2003,"680,520,724,062",14971,45455888
20458,Republic of Korea,2004,"764,880,644,711",16708,45779970
20470,Republic of Korea,2005,"898,137,194,716",19460,46151884
20482,Republic of Korea,2006,"1,011,797,457,139",21753,46513964
20494,Republic of Korea,2007,"1,122,679,154,632",23982,46814207
20506,Republic of Korea,2008,"1,002,219,052,968",21278,47101747
20518,Republic of Korea,2009,"901,934,953,365",19036,47380017
20530,Republic of Korea,2010,"1,094,499,338,703",22994,47598615
20542,Republic of Korea,2011,"1,202,463,682,634",25157,47798017
20554,Republic of Korea,2012,"1,222,807,284,485",25464,48020985
20566,Republic of Korea,2013,"1,305,604,981,272",27060,48248224
20578,Republic of Korea,2014,"1,411,333,926,201",29120,48465917
20590,Republic of Korea,2015,"1,382,764,027,114",28410,48671752
20734,Romania,2000,"37,438,527,800",1758,21290400
20746,Romania,2001,"40,716,836,998",1914,21272887
20758,Romania,2002,"46,174,557,556",2231,20700580
20770,Romania,2003,"59,867,801,205",2898,20656841
20782,Romania,2004,"76,216,441,462",3698,20610767
20794,Romania,2005,"99,697,566,668",4847,20569960
20806,Romania,2006,"123,533,036,668",6018,20526561
20818,Romania,2007,"175,933,642,292",8593,20475026
20830,Romania,2008,"213,605,065,703",10454,20433803
20842,Romania,2009,"172,611,845,342",8465,20390882
20854,Romania,2010,"166,658,327,827",8190,20348649
20866,Romania,2011,"184,367,381,749",9086,20291701
20878,Romania,2012,"171,664,638,717",9015,19041594
20890,Romania,2013,"191,549,024,911",10080,19003345
20902,Romania,2014,"199,493,490,983",10526,18952235
20914,Romania,2015,"177,911,101,680",9431,18863927
21068,Russian Federation,2000,"259,708,496,267",1879,138205695
21080,Russian Federation,2001,"306,602,673,980",2229,137521509
21092,Russian Federation,2002,"345,110,438,692",2527,136590900
21104,Russian Federation,2003,"430,347,770,732",3141,137019868
21116,Russian Federation,2004,"591,016,690,743",4312,137071699
21128,Russian Federation,2005,"764,017,107,992",5611,136162191
21140,Russian Federation,2006,"989,930,542,279",7313,135357462
21152,Russian Federation,2007,"1,299,705,247,686",9643,134778964
21164,Russian Federation,2008,"1,660,844,408,500",12359,134385949
21176,Russian Federation,2009,"1,222,643,696,992",9118,134085433
21188,Russian Federation,2010,"1,524,916,112,079",11307,134865987
21200,Russian Federation,2011,"2,051,661,732,060",15226,134745874
21212,Russian Federation,2012,"2,210,256,976,945",16413,134668522
21224,Russian Federation,2013,"2,297,128,039,058",17052,134713962
21236,Russian Federation,2014,"2,063,662,665,172",15319,134713962
21248,Russian Federation,2015,"1,368,400,705,491",9987,137018943
21464,Saint Lucia,2000,"784,159,229",5557,141100
21476,Saint Lucia,2001,"743,808,076",5195,143166
21488,Saint Lucia,2002,"748,346,606",5155,145168
21500,Saint Lucia,2003,"823,837,141",5599,147127
21512,Saint Lucia,2004,"893,107,211",5989,149121
21524,Saint Lucia,2005,"951,207,366",6292,151169
21536,Saint Lucia,2006,"1,134,193,630",7391,153460
21548,Saint Lucia,2008,"1,282,215,407",8122,157876
21560,Saint Lucia,2009,"1,262,973,407",7902,159820
21572,Saint Lucia,2010,"1,381,968,259",8557,161503
21584,Saint Lucia,2011,"1,437,684,815",8826,162892
21596,Saint Lucia,2012,"1,436,803,333",8764,163940
21608,Saint Lucia,2013,"1,489,928,889",9041,164790
21620,Saint Lucia,2014,"1,551,921,037",9372,165596
21740,Saint Vincent and Grenadines,2000,"396,270,000",4087,96956
21752,Saint Vincent and Grenadines,2001,"430,040,370",4418,97341
21764,Saint Vincent and Grenadines,2002,"461,883,444",4723,97799
21776,Saint Vincent and Grenadines,2003,"481,806,296",4902,98292
21788,Saint Vincent and Grenadines,2004,"521,975,111",5286,98740
21800,Saint Vincent and Grenadines,2005,"550,728,667",5556,99118
21812,Saint Vincent and Grenadines,2006,"610,930,037",6142,99463
21824,Saint Vincent and Grenadines,2007,"651,833,333",6539,99689
21836,Saint Vincent and Grenadines,2008,"695,428,852",6966,99826
21848,Saint Vincent and Grenadines,2009,"674,922,481",6754,99927
21860,Saint Vincent and Grenadines,2010,"681,225,963",6809,100050
21872,Saint Vincent and Grenadines,2011,"676,129,407",6759,100037
21884,Saint Vincent and Grenadines,2012,"692,933,741",6918,100167
21896,Saint Vincent and Grenadines,2013,"721,207,148",7183,100398
21908,Saint Vincent and Grenadines,2014,"725,185,185",7203,100676
21920,Saint Vincent and Grenadines,2015,"756,666,667",7496,100948
21944,San Marino,2000,"1,101,897,918",43435,25369
21956,San Marino,2005,"1,958,711,603",69301,28264
21992,Serbia,2000,"6,540,247,190",915,7149140
22004,Serbia,2001,"12,267,175,481",1718,7142410
22016,Serbia,2002,"16,116,843,146",2258,7138113
22028,Serbia,2003,"21,188,704,081",2979,7111975
22040,Serbia,2004,"24,861,483,281",3508,7086364
22052,Serbia,2005,"26,252,007,830",3719,7058982
22064,Serbia,2006,"30,607,991,862",4353,7031811
22076,Serbia,2007,"40,289,556,656",5748,7009610
22088,Serbia,2008,"49,259,526,053",7049,6988532
22100,Serbia,2009,"42,616,653,300",6116,6968240
22112,Serbia,2010,"39,460,357,731",5682,6944871
22124,Serbia,2011,"46,466,728,667",6734,6900027
22136,Serbia,2012,"40,742,313,861",5933,6867174
22148,Serbia,2013,"45,519,650,911",6662,6832840
22160,Serbia,2014,"44,210,806,366",6500,6801810
22172,Serbia,2015,"37,160,332,465",5492,6766406
22220,Seychelles,2001,"622,262,057",8257,75363
22232,Seychelles,2002,"697,518,248",9070,76904
22244,Seychelles,2003,"705,704,816",9001,78402
22256,Seychelles,2004,"839,319,927",10526,79735
22268,Seychelles,2005,"919,103,255",11361,80900
22280,Seychelles,2006,"1,016,418,229",12442,81691
22292,Seychelles,2007,"1,033,561,654",12554,82331
22304,Seychelles,2008,"967,199,594",11667,82900
22316,Seychelles,2009,"847,397,850",10157,83429
22328,Seychelles,2010,"969,936,525",11563,83885
22340,Seychelles,2011,"1,065,826,670",13204,80717
22352,Seychelles,2012,"1,059,498,884",13044,81224
22364,Seychelles,2013,"1,328,091,524",16090,82541
22376,Seychelles,2014,"1,342,997,306",16018,83845
22388,Seychelles,2015,"1,375,604,279",16005,85949
22580,Singapore,2000,"95,833,932,715",31446,3047600
22592,Singapore,2001,"89,286,208,629",28774,3103000
22604,Singapore,2002,"91,941,192,896",29048,3165200
22616,Singapore,2003,"97,001,377,569",30067,3226200
22628,Singapore,2004,"114,188,557,567",34799,3281400
22640,Singapore,2005,"127,417,688,056",38122,3342400
22652,Singapore,2006,"147,797,218,201",43318,3411900
22664,Singapore,2007,"179,981,288,567",53098,3389600
22676,Singapore,2008,"192,225,881,688",55735,3448900
22688,Singapore,2009,"192,408,387,762",54413,3536100
22700,Singapore,2010,"236,421,782,178",66099,3576800
22712,Singapore,2011,"275,966,926,379",76638,3600900
22724,Singapore,2012,"290,673,681,684",80040,3631600
22736,Singapore,2013,"304,454,327,499",83151,3661456
22748,Singapore,2014,"311,539,499,645",84442,3689370
22760,Singapore,2015,"304,097,759,674",81766,3719115
22868,Slovakia,2000,"29,114,875,622",5696,5111813
22880,Slovakia,2001,"30,703,017,450",6020,5100256
22892,Slovakia,2002,"35,083,608,131",6869,5107584
22904,Slovakia,2003,"46,731,767,494",9138,5113982
22916,Slovakia,2004,"57,240,535,138",11177,5121210
22928,Slovakia,2005,"62,697,540,107",12229,5126946
22940,Slovakia,2006,"70,596,729,394",13763,5129369
22952,Slovakia,2007,"86,304,245,825",16815,5132660
22964,Slovakia,2008,"100,324,627,215",19530,5137067
22976,Slovakia,2009,"88,945,625,174",17299,5141744
22988,Slovakia,2010,"89,501,012,916",17387,5147562
23000,Slovakia,2012,"93,413,992,956",18256,5116922
23012,Slovakia,2013,"98,478,349,315",19226,5122209
23024,Slovakia,2014,"100,948,236,941",19679,5129686
23096,Slovenia,2000,"20,342,201,356",10783,1886483
23108,Slovenia,2001,"20,875,387,068",10979,1901330
23120,Slovenia,2002,"23,563,576,758",12362,1906124
23132,Slovenia,2003,"29,697,448,108",15568,1907589
23144,Slovenia,2004,"34,470,227,454",18067,1907862
23156,Slovenia,2005,"36,346,974,008",19012,1911817
23168,Slovenia,2006,"39,587,732,029",20634,1918570
23180,Slovenia,2007,"48,114,688,201",24964,1927332
23192,Slovenia,2008,"55,589,849,128",28599,1943758
23204,Slovenia,2009,"50,244,793,832",25872,1942037
23216,Slovenia,2010,"48,013,606,745",24689,1944774
23228,Slovenia,2011,"51,290,792,018",26377,1944561
23240,Slovenia,2012,"46,352,802,766",23820,1945988
23252,Slovenia,2013,"48,116,256,926",24697,1948276
23264,Slovenia,2014,"49,904,928,335",25569,1951786
23276,Slovenia,2015,"43,072,415,017",22036,1954632
23336,South Africa,2000,"136,361,854,808",3361,40568559
23348,South Africa,2001,"121,600,818,310",2953,41185599
23360,South Africa,2002,"115,748,110,113",2769,41803868
23372,South Africa,2003,"175,256,916,996",4132,42415309
23384,South Africa,2004,"228,937,347,866",5323,43005874
23396,South Africa,2005,"257,671,413,751",5914,43566107
23408,South Africa,2006,"271,811,088,781",6166,44079057
23420,South Africa,2007,"299,033,511,000",6708,44577435
23432,South Africa,2008,"287,099,991,517",6573,43680586
23444,South Africa,2009,"297,216,730,669",6517,45607048
23456,South Africa,2010,"375,298,134,440",8128,46176200
23468,South Africa,2011,"416,878,162,441",8906,46806739
23480,South Africa,2012,"396,332,702,639",8347,47484256
23492,South Africa,2013,"366,829,390,479",7612,48192699
23504,South Africa,2014,"350,904,575,292",7174,48912129
23516,South Africa,2015,"317,741,039,198",6403,49627460
23708,Spain,2000,"595,402,616,547",15538,38319996
23720,Spain,2001,"625,975,838,926",16169,38713504
23732,Spain,2002,"705,145,868,624",17924,39340611
23744,Spain,2003,"906,853,273,138",22701,39947556
23756,Spain,2004,"1,069,555,500,372",26372,40555823
23768,Spain,2005,"1,157,276,458,152",28092,41195479
23780,Spain,2006,"1,264,551,499,185",30246,41808848
23792,Spain,2007,"1,479,341,637,011",34769,42547327
23804,Spain,2008,"1,635,015,380,108",37848,43199484
23816,Spain,2009,"1,499,099,749,931",34470,43490086
23828,Spain,2010,"1,431,616,749,640",32839,43595356
23840,Spain,2011,"1,488,067,258,325",34097,43642571
23852,Spain,2012,"1,336,018,949,806",30146,44318859
23864,Spain,2013,"1,361,854,206,549",30792,44227625
23876,Spain,2014,"1,376,910,811,041",31171,44172771
23888,Spain,2015,"1,197,789,902,774",27108,44186528
23972,Sri Lanka,2000,"16,330,814,180",953,17140342
23984,Sri Lanka,2001,"15,749,753,805",912,17266961
23996,Sri Lanka,2002,"16,536,535,647",951,17395955
24008,Sri Lanka,2003,"18,881,765,437",1077,17524596
24020,Sri Lanka,2006,"28,267,410,543",1580,17891558
24188,Suriname,2000,"892,164,394",2129,419001
24200,Suriname,2001,"763,465,550",1798,424515
24212,Suriname,2002,"1,078,402,128",2507,430176
24224,Suriname,2003,"1,271,196,078",2916,435946
24236,Suriname,2004,"1,484,092,538",3360,441717
24248,Suriname,2005,"1,793,754,805",4009,447445
24260,Suriname,2006,"2,626,380,435",5794,453293
24272,Suriname,2007,"2,936,612,022",6397,459086
24284,Suriname,2008,"3,532,969,035",7601,464789
24296,Suriname,2009,"3,875,409,836",8238,470448
24308,Suriname,2010,"4,368,398,048",9176,476052
24320,Suriname,2011,"4,422,276,622",9184,481521
24332,Suriname,2012,"4,980,000,000",10227,486964
24344,Suriname,2013,"5,145,757,576",10451,492359
24356,Suriname,2014,"5,240,606,061",10530,497701
24524,Sweden,2000,"259,802,012,617",30896,8409008
24536,Sweden,2001,"239,917,320,967",28429,8439317
24548,Sweden,2002,"263,926,220,333",31175,8465828
24560,Sweden,2003,"331,108,912,605",38997,8490539
24572,Sweden,2004,"381,705,425,302",44831,8514314
24584,Sweden,2005,"389,042,298,377",45563,8538624
24596,Sweden,2006,"420,032,121,656",48977,8576044
24608,Sweden,2007,"487,816,328,342",56531,8629159
24620,Sweden,2008,"513,965,650,650",59155,8688504
24632,Sweden,2009,"429,657,033,108",49070,8755922
24644,Sweden,2010,"488,377,689,565",55352,8823125
24656,Sweden,2011,"563,109,663,291",63380,8884644
24668,Sweden,2012,"543,880,647,757",60776,8948909
24680,Sweden,2013,"578,742,001,488",64133,9024081
24692,Sweden,2014,"573,817,719,109",62956,9114524
24704,Sweden,2015,"497,918,109,302",54629,9114524
24786,Switzerland,2000,"272,055,499,941",39952,6809589
24798,Switzerland,2001,"278,631,271,391",40582,6865842
24810,Switzerland,2002,"301,416,810,214",43419,6942010
24822,Switzerland,2003,"352,914,820,747",50639,6969293
24834,Switzerland,2004,"394,163,688,621",56123,7023166
24846,Switzerland,2005,"408,689,353,999",57790,7071991
24858,Switzerland,2006,"430,921,192,375",60536,7118477
24870,Switzerland,2007,"479,913,034,322",66807,7183595
24882,Switzerland,2008,"554,363,487,120",76202,7274875
24894,Switzerland,2009,"541,506,500,414",73529,7364558
24906,Switzerland,2010,"583,782,977,866",78474,7439147
24918,Switzerland,2011,"699,579,638,638",93053,7518040
24930,Switzerland,2012,"668,043,614,123",87951,7595591
24942,Switzerland,2013,"688,504,173,431",89634,7681318
24954,Switzerland,2014,"709,182,559,935",90809,7809621
24966,Switzerland,2015,"679,289,166,858",86068,7892502
25122,Thailand,2000,"126,392,308,498",2169,58262135
25134,Thailand,2002,"134,300,851,255",2305,58263389
25146,Thailand,2003,"152,280,653,544",2531,60158951
25158,Thailand,2004,"172,895,476,153",2849,60686373
25170,Thailand,2005,"189,318,499,954",3094,61182665
25182,Thailand,2006,"221,758,486,880",3598,61636512
25194,Thailand,2007,"262,942,650,544",4461,58941621
25206,Thailand,2008,"291,383,081,232",4921,59216773
25218,Thailand,2009,"281,710,095,725",4736,59483718
25230,Thailand,2010,"341,105,009,515",5707,59769764
25242,Thailand,2011,"370,818,747,397",6153,60261832
25254,Thailand,2012,"397,558,094,270",6584,60382255
25266,Thailand,2013,"420,333,333,333",6917,60766487
25278,Thailand,2014,"407,339,361,696",6662,61139919
25290,Thailand,2015,"401,399,422,443",6552,61261276
25492,Trinidad and Tobago,2000,"8,154,338,233",6920,1178363
25504,Trinidad and Tobago,2001,"8,824,873,259",7458,1183354
25516,Trinidad and Tobago,2002,"9,008,273,721",7578,1188800
25528,Trinidad and Tobago,2003,"11,305,459,802",9465,1194458
25540,Trinidad and Tobago,2004,"13,280,275,123",11066,1200116
25552,Trinidad and Tobago,2005,"15,982,282,462",13258,1205471
25564,Trinidad and Tobago,2006,"18,369,070,085",15190,1209301
25576,Trinidad and Tobago,2007,"21,642,304,046",17827,1213988
25588,Trinidad and Tobago,2008,"27,870,257,894",22857,1219336
25600,Trinidad and Tobago,2009,"19,175,196,446",15652,1225097
25612,Trinidad and Tobago,2010,"22,157,948,396",18000,1231002
25624,Trinidad and Tobago,2011,"25,433,011,405",20557,1237186
25636,Turkey,2009,"644,639,902,581",9773,65962419
25648,Turkey,2010,"771,901,768,698",11525,66975131
25660,Turkey,2011,"832,523,681,194",12237,68034357
25672,Turkey,2012,"873,982,246,102",12671,68976439
25684,Turkey,2013,"950,579,413,279",13603,69880352
25696,Turkey,2014,"934,185,915,467",13170,70931420
25708,Turkey,2015,"859,796,872,794",11961,71880464
25876,Turkmenistan,2000,"2,904,662,605",721,4026478
25888,Turkmenistan,2001,"3,534,803,922",863,4095981
25900,Turkmenistan,2002,"4,461,978,499",1077,4143692
25912,Turkmenistan,2003,"5,977,560,877",1431,4177740
25924,Turkmenistan,2004,"6,838,351,088",1624,4211000
25936,Turkmenistan,2005,"8,104,355,717",1906,4252530
25948,Turkmenistan,2006,"10,277,598,152",2397,4287650
25960,Turkmenistan,2007,"12,664,165,103",2916,4342657
25972,Turkmenistan,2008,"19,271,523,179",4368,4412135
25984,Turkmenistan,2009,"20,214,385,965",4508,4484467
25996,Turkmenistan,2010,"22,583,157,895",4962,4551185
26008,Turkmenistan,2011,"29,233,333,333",6319,4626095
26020,Turkmenistan,2012,"35,164,210,526",7498,4690058
26032,Turkmenistan,2013,"39,197,543,860",8255,4748055
26044,Turkmenistan,2014,"43,524,210,526",9046,4811227
26056,Turkmenistan,2015,"35,799,628,571",7326,4886514
26224,Ukraine,2000,"31,261,527,363",663,47125400
26236,Ukraine,2001,"38,009,344,577",812,46805969
26248,Ukraine,2002,"42,392,896,031",920,46060017
26260,Ukraine,2003,"50,132,953,288",1097,45697383
26272,Ukraine,2004,"64,883,060,726",1432,45322826
26284,Ukraine,2005,"86,142,018,069",1917,44939270
26296,Ukraine,2006,"107,753,069,307",2418,44560034
26308,Ukraine,2007,"142,719,009,901",3229,44198672
26320,Ukraine,2008,"179,992,405,832",4104,43856123
26332,Ukraine,2009,"117,227,769,792",2691,43557944
26344,Ukraine,2010,"136,013,155,905",3141,43296809
26356,Ukraine,2011,"163,159,671,670",3788,43074791
26368,Ukraine,2012,"175,781,379,051",4096,42915935
26380,Ukraine,2014,"133,503,411,376",3299,40464165
26392,Ukraine,2015,"91,030,959,455",2256,40345446
26404,United Arab Emirates,2005,"180,617,018,380",42196,4280433
26416,United Arab Emirates,2006,"222,116,541,865",45110,4923879
26428,United Arab Emirates,2007,"257,916,133,424",45285,5695389
26440,United Arab Emirates,2008,"315,474,615,739",48457,6510358
26452,United Arab Emirates,2009,"253,547,358,747",34960,7252480
26464,United Arab Emirates,2010,"289,787,338,325",36964,7839736
26656,United Kingdom,2000,"1,647,951,278,560",29358,56133909
26668,United Kingdom,2001,"1,621,510,004,318",29179,55571993
26680,United Kingdom,2002,"1,768,408,273,381",31630,55908944
26692,United Kingdom,2003,"2,038,395,102,041",36289,56171771
26704,United Kingdom,2004,"2,398,555,474,185",42486,56455011
26716,United Kingdom,2005,"2,520,701,818,182",44372,56809024
26728,United Kingdom,2006,"2,692,612,695,492",47163,57091129
26740,United Kingdom,2007,"3,074,359,743,898",53576,57382757
26752,United Kingdom,2008,"2,890,564,338,235",50111,57683372
26764,United Kingdom,2009,"2,382,825,985,356",41074,58013559
26776,United Kingdom,2010,"2,441,173,394,730",41798,58403529
26788,United Kingdom,2011,"2,619,700,404,733",44491,58881852
26800,United Kingdom,2012,"2,662,085,168,499",44585,59708630
26812,United Kingdom,2013,"2,739,818,680,930",45594,60091793
26824,United Kingdom,2014,"3,022,827,781,881",49906,60570482
26836,United Kingdom,2015,"2,885,570,309,161",47240,61082942
27028,United States,2000,"10,284,779,000,000",39218,262246108
27040,United States,2001,"10,621,824,000,000",40018,265427546
27052,United States,2002,"10,977,514,000,000",40845,268759559
27064,United States,2003,"11,510,670,000,000",42468,271041510
27076,United States,2004,"12,274,928,000,000",44867,273584136
27088,United States,2005,"13,093,726,000,000",47423,276106680
27100,United States,2006,"13,855,888,000,000",49666,278980848
27112,United States,2007,"14,477,635,000,000",51585,280658606
27124,United States,2008,"14,718,582,000,000",52128,282355565
27136,United States,2009,"14,418,739,000,000",50563,285162662
27148,United States,2010,"14,964,372,000,000",51989,287839149
27160,United States,2011,"15,517,926,000,000",53452,290313825
27172,United States,2012,"16,155,255,000,000",55170,292827128
27184,United States,2013,"16,691,517,000,000",56520,295322862
27196,United States,2014,"17,427,609,000,000",58531,297749735
27208,United States,2015,"18,120,714,000,000",60387,300078511
27376,Uruguay,2000,"22,823,255,802",7483,3050169
27388,Uruguay,2001,"20,898,788,417",6827,3061024
27400,Uruguay,2002,"13,606,494,599",4439,3065257
27412,Uruguay,2003,"12,045,631,093",3929,3065772
27424,Uruguay,2004,"13,686,329,890",4463,3066489
27436,Uruguay,2005,"17,362,857,684",5655,3070178
27448,Uruguay,2006,"19,579,457,966",6362,3077445
27460,Uruguay,2007,"23,410,572,634",7581,3087957
27472,Uruguay,2008,"30,366,213,119",9793,3100791
27484,Uruguay,2009,"31,660,911,277",10166,3114306
27496,Uruguay,2010,"40,284,481,652",12882,3127306
27508,Uruguay,2012,"51,264,390,116",16264,3151939
27520,Uruguay,2013,"57,531,233,351",18179,3164670
27532,Uruguay,2014,"57,236,013,086",18012,3177645
27544,Uruguay,2015,"53,274,304,222",16696,3190795
27676,Uzbekistan,2000,"13,760,374,488",632,21789067
27688,Uzbekistan,2001,"11,401,351,420",513,22231527
27700,Uzbekistan,2002,"9,687,951,055",428,22632256
27712,Uzbekistan,2003,"10,128,112,401",441,22982883
27724,Uzbekistan,2004,"12,030,023,548",516,23300841
27736,Uzbekistan,2005,"14,307,509,839",606,23600347
27748,Uzbekistan,2009,"33,689,223,673",1332,25288102
27760,Uzbekistan,2010,"39,332,770,929",1533,25651783
27772,Uzbekistan,2011,"45,915,191,189",1767,25978049
27784,Uzbekistan,2012,"51,821,573,338",1964,26381830
27796,Uzbekistan,2013,"57,690,453,461",2150,26838924
27808,Uzbekistan,2014,"63,067,077,179",2309,27313507
